morphemes,count
ти,13520
ий,11278
а,7023
н,5697
ува,3447
и,3167
я,2967
о,2558
по,2470
за,2102
к,2086
ен,2018
ов,1420
ви,1411
на,1337
роз,1248
юва,1234
пере,1189
при,1126
і,1055
з,1026
в,977
ся,948
не,936
у,922
с,911
від,880
до,835
про,826
під,816
об,816
ість,721
ну,716
нн,666
л,624
ва,607
ова,588
ин,579
ник,571
ськ,511
ок,430
ч,395
енн,382
лив,359
ик,306
т,293
льн,287
ист,276
ець,270
без,231
ниц,230
от,226
ій,210
ар,209
е,206
ян,201
над,197
ів,194
ат,188
ш,178
оч,177
еньк,175
уват,166
ич,150
ств,144
із,139
ев,137
іш,130
жи,129
іст,121
пис,118
су,112
клад,110
да,109
тяг,107
ор,101
тт,99
би,98
мін,98
напів,98
різ,97
яч,97
ц,97
ли,96
важ,95
вод,92
гор,90
ступ,89
пі,89
пал,88
ан,87
иц,86
зна,85
куп,84
буд,84
вар,83
ер,82
яр,81
яв,80
тв,79
ичн,79
уч,79
мов,78
мір,78
аст,77
из,77
ав,77
ши,76
коп,76
ив,76
ищ,75
роб,75
перед,75
льник,74
літ,73
пів,72
нос,72
каз,71
год,70
йм,70
пад,70
кри,69
ми,69
ї,69
еч,69
руб,68
пар,68
кол,67
ічн,67
ун,66
точ,66
сил,65
одн,65
сі,65
як,64
світ,63
прав,63
кис,63
смі,63
діл,63
хід,63
сип,63
чин,63
гад,62
в’яз,62
сам,62
інн,61
вал,61
ізм,60
оньк,60
люб,60
бр,60
маз,59
сел,59
гляд,59
дв,58
бу,57
ят,57
вір,57
рив,57
твор,57
зне,56
пил,56
повн,56
єн,55
пли,55
став,55
есеньк,55
біл,55
атор,55
гриз,54
рівн,54
пуст,54
зі,54
сад,54
й,53
клас,52
суш,52
мерз,52
леж,52
грі,52
па,52
біг,51
изм,51
їд,51
бир,51
дум,51
аці,51
гни,50
ціл,50
кид,50
добр,49
говор,49
ом,49
лам,49
ряд,49
міш,49
моч,48
пас,48
ход,48
рос,48
цін,48
держ,48
стар,47
лад,47
ак,47
ач,47
альн,46
мир,46
подіб,46
хил,45
тепл,45
вис,45
іт,45
їзд,45
нов,45
пол,45
робл,45
чорн,45
ант,45
нй,44
голос,44
дяг,44
рост,44
ставл,44
мил,44
ков,44
вол,44
садж,44
пуск,44
ал,44
знач,44
плав,44
зл,43
вантаж,43
гол,43
сід,43
плат,43
ста,43
ки,43
мал,43
кат,43
гр,42
рід,42
мот,42
ивн,42
пит,42
руч,42
аж,41
ниць,41
ду,41
стріл,40
юч,40
ясн,40
рад,40
квіт,40
чу,39
им,39
обі,39
люд,39
топт,39
верх,38
повз,38
їждж,38
част,38
ку,38
лом,38
воз,38
ді,38
чищ,38
гон,38
трим,38
ацій,38
слід,38
душ,38
вид,38
холод,37
кресл,37
б,37
сол,37
чит,37
шук,37
тих,37
обез,37
ри,37
лег,37
крут,37
ісіньк,37
гас,37
круч,37
ур,37
чист,36
ман,36
нич,36
ґрунт,36
коч,36
мор,36
кос,36
жар,36
рв,36
аль,36
чик,35
правл,35
віль,35
прод,35
кач,35
міт,35
тверд,35
стиг,35
ліч,35
мок,35
жов,35
дріб,35
кут,34
рах,34
ліс,34
нес,34
верт,34
сік,34
дар,34
кон,34
пре,34
пин,34
сл,34
гн,34
луч,34
кле,34
вч,34
бій,34
та,34
вез,33
ган,33
жал,33
м’як,33
служ,33
тон,33
ін,33
віш,33
круг,33
мер,33
мовл,33
ляг,32
гин,32
молоч,32
нім,32
лік,32
тиск,32
дал,32
крив,32
тк,32
яст,31
род,31
молод,31
мур,31
кот,31
різн,31
тель,31
хвал,31
плут,31
крас,31
мет,31
ліз,31
тяж,31
попо,30
суд,30
стел,30
проти,30
ир,30
горт,30
багат,30
низ,30
віді,30
сох,30
прост,29
клик,29
кур,29
недо,29
кус,29
довб,29
пра,29
льниц,29
бач,29
щип,29
во,29
пер,29
жир,29
смаж,29
тир,29
ві,29
іч,28
бор,28
верш,28
час,28
лаз,28
річ,28
вин,28
х,28
бід,27
тем,27
кінч,27
дир,27
земл,27
меж,27
розум,27
дур,27
єдн,27
об’,27
йня,27
бір,27
пух,27
смал,27
дих,27
нош,27
зу,27
он,27
фік,27
десят,27
дій,27
тр,26
пек,26
лист,26
форм,26
скак,26
муч,26
руш,26
кріпл,26
мереж,26
хмар,26
шир,26
риб,26
чіпл,26
тул,26
молот,26
див,26
вед,26
клеп,26
тес,26
плач,25
топл,25
спі,25
сто,25
г,25
мащ,25
кош,25
довг,25
хліб,25
іс,25
чес,25
крад,25
туп,25
ломл,25
центр,25
кров,25
хов,25
лиз,25
кип,24
міст,24
бур,24
віз,24
терп,24
спів,24
борон,24
труд,24
уз,24
піді,24
єць,24
кор,24
чар,24
пор,24
слух,24
в’я,24
мороз,24
пи,24
смокт,24
роз’,24
сид,23
городж,23
сап,23
прі,23
корч,23
з’,23
родж,23
рис,23
бол,23
сум,23
шар,23
тер,23
струг,23
кра,23
мах,23
зв,23
кріп,23
повід,23
числ,23
готов,23
тин,23
син,23
дол,23
корен,23
гір,23
зуб,23
ет,23
тис,23
прям,23
гостр,23
ощ,22
ону,22
довж,22
трав,22
корот,22
ліп,22
стій,22
гул,22
тріп,22
вихов,22
мощ,22
віс,22
вітр,22
ім,22
горд,21
горб,21
лип,21
раз,21
стриб,21
слаб,21
глиб,21
кам,21
зрі,21
поряд,21
плет,21
ковз,21
лк,21
хопл,21
ік,21
множ,21
міс,21
шан,21
рощ,21
друж,21
ліпл,21
де,21
фарб,21
тн,21
стук,21
лущ,21
ит,21
морож,21
глад,21
мовч,21
слов,20
луп,20
брат,20
клин,20
план,20
печ,20
електр,20
изн,20
зир,20
маст,20
тан,20
стриг,20
рядж,20
багр,20
весел,20
город,20
хвил,20
інь,20
береж,20
тік,20
том,20
голов,20
пізн,20
лис,20
шум,20
толоч,20
переч,20
ваг,20
плод,20
крил,20
правд,19
мен,19
ес,19
ць,19
пак,19
давл,19
господ,19
сих,19
січ,19
тьм,19
вер,19
ключ,19
давн,19
черп,19
плак,19
сир,19
мин,19
хит,19
дн,19
лож,19
солод,19
ай,19
зелен,19
кап,19
міщ,19
най,19
біль,19
грим,19
лат,19
здоров,19
п’ят,19
норм,19
серед,19
граф,19
серд,19
овит,18
ент,18
пущ,18
лл,18
тек,18
порожн,18
ходж,18
тряс,18
лов,18
сліп,18
сук,18
плес,18
поза,18
міч,18
сух,18
зо,18
пих,18
зем,18
мост,18
коло,18
колис,18
свердл,18
дерев,18
мисл,18
м,18
зив,18
лед,18
загаль,18
пут,18
маль,18
лагодж,18
туман,18
глуш,18
груб,18
печат,18
купл,18
певн,18
мороч,18
мож,18
лог,18
тя,18
зор,18
дряп,18
друк,18
тіш,18
вес,18
єм,18
трат,18
смик,17
овин,17
томл,17
їс,17
жа,17
ловл,17
сов,17
дб,17
кар,17
бовт,17
мудр,17
волоч,17
блиск,17
ух,17
україн,17
годж,17
монт,17
силь,17
м’я,17
гладж,17
жер,17
скл,17
тін,17
хорон,17
кляк,17
розі,17
дер,17
плеск,17
червон,17
чуд,17
пряг,17
вел,17
сп,17
пх,17
карб,17
хитр,17
єв,17
діль,17
рук,17
ма,17
пряд,17
юк,17
трив,17
топ,17
рят,17
явл,17
вадж,17
гран,17
вл,17
штовх,16
лет,16
мул,16
громад,16
збро,16
бав,16
плавл,16
зим,16
ден,16
гус,16
марн,16
балак,16
шкод,16
міц,16
мик,16
пт,16
рух,16
мел,16
мог,16
тісн,16
голош,16
товст,16
голуб,16
вираз,16
віч,16
чіс,16
иськ,16
гаряч,16
дит,16
крик,16
ний,16
сорт,16
стат,16
строч,16
торг,16
студ,16
скуб,16
судж,16
турб,16
дуж,16
гін,16
чеп,16
перш,16
трус,16
смол,16
прас,16
готовл,16
кривл,15
шарп,15
ль,15
новл,15
прац,15
прох,15
ень,15
кох,15
лют,15
між,15
член,15
холодж,15
го,15
туш,15
корист,15
холо,15
сидж,15
густ,15
біч,15
пруж,15
перез,15
підо,15
тик,15
куш,15
скор,15
дуб,15
хмур,15
тріск,15
щад,15
криш,15
зич,15
золот,15
хап,15
сніж,15
мовк,15
пам’ят,15
пан,15
ем,15
уш,15
плід,15
ніж,15
скоч,15
труш,15
христ,15
сит,15
волос,15
прош,15
хрест,15
вида,15
свіж,15
сір,15
губ,15
снов,15
страх,15
ячк,15
дим,14
струн,14
шпил,14
плям,14
щас,14
гід,14
наді,14
щіль,14
лів,14
мес,14
пах,14
хлюп,14
стеж,14
ниж,14
ка,14
річч,14
водж,14
кам’,14
годин,14
стил,14
зерн,14
скрип,14
слуг,14
трач,14
колих,14
їх,14
колос,14
груп,14
вн,14
морщ,14
порош,14
сот,14
ран,14
біж,14
пряж,14
рік,14
их,14
др,14
пр,14
міл,14
товк,14
трен,14
звуч,14
унок,14
сяг,14
сирот,14
слав,14
орган,14
пир,14
пік,14
страш,14
дав,14
свят,14
вад,14
цід,14
твердж,14
груз,14
лиш,14
ляк,14
мк,14
мат,14
стан,14
літт,14
швид,14
гно,14
бо,14
гля,13
шкір,13
характер,13
тупл,13
краш,13
овн,13
жн,13
руд,13
дом,13
сін,13
инн,13
цідж,13
дзвон,13
сув,13
гост,13
жарт,13
клон,13
довол,13
івл,13
слон,13
глух,13
цвіт,13
обід,13
тл,13
ріш,13
прос,13
іж,13
свіч,13
свист,13
морг,13
сторон,13
муж,13
чіп,13
мандр,13
віт,13
власн,13
крап,13
прия,13
волод,13
лупл,13
закон,13
тиш,13
ущ,13
зр,13
полох,13
очк,13
їз,13
гвинч,13
один,13
викон,13
паль,13
гук,13
губл,13
гріб,13
греб,13
мас,13
кип’,13
вугл,13
славл,13
сіс,13
авл,12
тел,12
перч,12
корін,12
лоб,12
кер,12
поган,12
мірк,12
тривож,12
ре,12
колуп,12
щин,12
говір,12
реч,12
хвор,12
ей,12
хоп,12
ня,12
особ,12
срібл,12
метал,12
шовк,12
кро,12
бух,12
волок,12
благ,12
ближ,12
колон,12
нюх,12
щепл,12
муш,12
забу,12
рж,12
вечір,12
що,12
чотир,12
хвост,12
дзьоб,12
хиль,12
тіл,12
колот,12
лін,12
ворот,12
почи,12
вік,12
ац,12
проб,12
ласк,12
лап,12
комплект,12
плиг,12
крапл,12
пест,12
дорож,12
лашт,12
вик,12
дивл,12
бавл,12
йд,12
гурт,12
карт,12
механ,12
бож,12
клей,12
він,12
пуш,12
весн,12
смуг,12
жах,12
економ,12
гроз,12
граб,12
шнур,12
раж,12
ст,11
гарб,11
ворож,11
варт,11
ладж,11
ціль,11
гнів,11
жебр,11
стражд,11
круж,11
жин,11
порох,11
ко,11
народ,11
лак,11
волож,11
промін,11
прес,11
передж,11
пліт,11
кущ,11
метр,11
хрип,11
верст,11
езн,11
лагод,11
щир,11
шест,11
ір,11
моло,11
голод,11
кіль,11
щул,11
полоск,11
ком,11
дич,11
сив,11
нерв,11
сипл,11
глин,11
тру,11
ляп,11
істор,11
гар,11
туж,11
шліф,11
тур,11
ост,11
віднос,11
бризк,11
ань,11
теле,11
маг,11
тух,11
сіп,11
тіп,11
мотор,11
м’яс,11
бри,11
верб,11
драз,11
хоч,11
дешев,11
млі,11
чуж,11
квас,11
кваш,11
гірк,11
ча,11
нищ,11
спіль,11
мрі,11
тям,11
періз,11
аш,11
миг,11
під’,11
стро,11
круп,11
ек,11
худ,11
любл,10
драт,10
пись,10
дів,10
арн,10
черк,10
дик,10
стерег,10
струм,10
кля,10
рог,10
кіст,10
кост,10
сором,10
цукр,10
відповід,10
влад,10
гид,10
кльов,10
мокр,10
чепл,10
брес,10
баж,10
смут,10
місяч,10
сторож,10
сво,10
сич,10
стебл,10
омл,10
сніг,10
травл,10
програм,10
проект,10
плющ,10
взаєм,10
баг,10
гур,10
шпар,10
адрес,10
брод,10
кант,10
вич,10
порт,10
радіо,10
торк,10
каліч,10
лас,10
після,10
хот,10
щебет,10
шерст,10
є,10
лес,10
волік,10
зір,10
шкодж,10
там,10
сліпл,10
опер,10
комбін,10
ціп,10
фраз,10
хваст,10
гомон,10
солодж,10
стрі,10
поро,10
блуд,10
мебл,10
мед,10
кристал,10
крич,10
гвинт,10
пір,10
пін,10
уда,10
йом,10
вищ,10
чах,10
п’ян,10
свар,10
свяч,10
низь,10
ірж,10
іскр,10
юг,10
контр,10
продукт,10
культур,10
гніт,10
стал,10
стриж,10
жад,10
жв,10
їст,10
ліній,10
стереж,10
захис,10
овл,10
такт,10
блід,10
дійсн,10
дір,10
морд,10
копч,10
ніч,10
подоб,10
рож,10
бас,10
газ,10
дикт,10
льод,10
то,9
натур,9
в'яз,9
клуб,9
колоч,9
коз,9
кашл,9
гарт,9
вощ,9
тай,9
смак,9
стос,9
машин,9
матері,9
будж,9
короч,9
деклам,9
кас,9
звір,9
кір,9
щеп,9
свин,9
наці,9
мерк,9
мол,9
барв,9
дроб,9
дрім,9
піт,9
товщ,9
щіп,9
удар,9
віщ,9
ад,9
хорош,9
мотив,9
хваль,9
їн,9
скал,9
хазяй,9
крол,9
день,9
ю,9
ріст,9
екс,9
піч,9
критик,9
пласт,9
сс,9
тич,9
шал,9
горл,9
четв,9
слабл,9
прощ,9
цві,9
двір,9
вихр,9
дорог,9
лав,9
лабуз,9
чепур,9
чавл,9
покій,9
кух,9
край,9
вой,9
орієнт,9
організ,9
аць,9
маск,9
букв,9
звук,9
зворуш,9
щедр,9
козач,9
свідч,9
їж,9
природ,9
мігр,9
гойд,9
приск,9
двиг,9
глибл,9
дощ,9
рам,8
івн,8
пломб,8
брех,8
сон,8
рип,8
хрещ,8
штукатур,8
квалі,8
команд,8
причин,8
палах,8
яг,8
кіно,8
стромл,8
золоч,8
гущ,8
лих,8
компост,8
чек,8
копт,8
прн,8
туг,8
нур,8
гарн,8
єдин,8
магніч,8
добу,8
втор,8
конспір,8
берег,8
онал,8
кліт,8
авто,8
ковт,8
обов’яз,8
ні,8
свідом,8
морал,8
присяг,8
трощ,8
ног,8
шеп,8
вівч,8
мобіл,8
бруд,8
громадж,8
актив,8
лощ,8
шморг,8
гаш,8
шкряб,8
праць,8
школ,8
тип,8
гань,8
фільтр,8
яцій,8
кум,8
партій,8
кін,8
лісс,8
цвіс,8
жил,8
комір,8
стовп,8
тіс,8
хвиль,8
базік,8
пояс,8
бунт,8
груд,8
вій,8
смисл,8
корект,8
курс,8
екзамен,8
скарж,8
сідл,8
мілітар,8
вві,8
факт,8
стін,8
вечер,8
хиб,8
луск,8
кул,8
мл,8
ток,8
товч,8
фас,8
валь,8
брид,8
ющ,8
труб,8
стеріг,8
ший,8
повст,8
торох,8
слиз,8
слідж,8
цемент,8
бадьор,8
криж,8
жур,8
ош,8
гам,8
рідж,8
сис,8
різь,8
скуп,8
поло,8
пук,8
пряс,8
кіс,8
прямл,8
держав,8
полі,8
кучер,8
полк,8
нафт,8
льон,8
мак,7
церемон,7
кільч,7
кож,7
код,7
харч,7
смерт,7
ум,7
жен,7
фігур,7
картон,7
сурм,7
надж,7
досконал,7
контроль,7
фур,7
екран,7
лагід,7
лош,7
канон,7
щіл,7
драж,7
вікон,7
трут,7
метод,7
гат,7
твар,7
дзвін,7
зов,7
якіс,7
байдуж,7
корон,7
шв,7
театр,7
балот,7
вібр,7
вабл,7
галуз,7
шик,7
соромл,7
сміл,7
хроп,7
мод,7
ґрат,7
пильн,7
плаз,7
поліск,7
р,7
демократ,7
гром,7
зараж,7
зараз,7
сем,7
брак,7
лещ,7
капітал,7
клю,7
поет,7
крій,7
віст,7
поко,7
нумер,7
близ,7
слів,7
зрад,7
реформ,7
притом,7
убож,7
атлет,7
бок,7
черг,7
корол,7
рум’ян,7
пот,7
бриз,7
двор,7
борк,7
трудж,7
ігр,7
ідеал,7
марин,7
масл,7
потвор,7
воск,7
фабрик,7
щерб,7
чав,7
тороп,7
осл,7
колін,7
козир,7
гніч,7
готівель,7
град,7
кривд,7
бог,7
череп,7
корм,7
сьорб,7
твір,7
лимон,7
в’,7
здат,7
буш,7
ваб,7
злид,7
лукав,7
блук,7
ноч,7
спіл,7
куб,7
танк,7
ечк,7
планер,7
конеч,7
паш,7
анти,7
ливл,7
пав,7
торф,7
мар,7
чис,7
соч,7
модерн,7
дубл,7
гріш,7
перв,7
бетон,7
консерв,7
шмат,7
івель,7
бряз,7
ображ,7
ус,7
чух,7
чад,7
консульт,7
цок,6
магніт,6
абон,6
цікав,6
тх,6
стол,6
образ,6
п,6
книг,6
вузл,6
умов,6
пред,6
фантаз,6
жу,6
зн,6
драм,6
поруш,6
гуд,6
колив,6
крот,6
шарк,6
студж,6
вогн,6
вовч,6
виноград,6
муштр,6
мус,6
корів,6
клін,6
бать,6
обіц,6
чавун,6
чабан,6
фронт,6
манір,6
формл,6
модель,6
млин,6
мч,6
пиш,6
запас,6
полон,6
сокол,6
перепел,6
заяв,6
полотн,6
стогн,6
індивід,6
ілюстр,6
цинк,6
хім,6
таран,6
кудл,6
блок,6
уроч,6
ліквід,6
суч,6
гір’,6
лест,6
боро,6
сусід,6
мелод,6
кукурудз,6
тремт,6
хож,6
черв,6
над’,6
трух,6
провок,6
товп,6
безпеч,6
готу,6
бород,6
земель,6
крих,6
узор,6
нуд,6
кив,6
юсіньк,6
гармон,6
інтриг,6
ворк,6
сорок,6
борщ,6
фінанс,6
гач,6
соб,6
докуч,6
чік,6
ги,6
компон,6
пень,6
килим,6
хор,6
метуш,6
яс,6
пай,6
такс,6
декор,6
штамп,6
пліч,6
плісн,6
так,6
еволюці,6
ордин,6
цар,6
петл,6
персон,6
неб,6
нь,6
атак,6
рек,6
діт,6
комент,6
нав,6
дрот,6
дух,6
черств,6
мораль,6
їзм,6
ни,6
завод,6
чал,6
ох,6
інформ,6
впли,6
вечор,6
его,6
буряк,6
опік,6
смаг,6
слин,6
лиц,6
паспорт,6
стіль,6
табор,6
сяж,6
п’я,6
вус,6
пурх,6
сн,6
дослід,6
терор,6
соп,6
хрес,6
дерев’,6
олен,6
кропл,6
луз,6
кокет,6
ул,6
шкіль,6
цит,6
продук,6
прис,6
плодж,6
ург,6
промен,6
ляск,6
занепад,6
хат,6
кит,6
повіс,6
відрад,6
транспорт,6
ґелґ,6
ґвалт,6
агіт,6
буль,6
лір,6
жмур,6
брід,6
юн,6
луж,6
попел,6
восьм,6
кошт,6
крам,6
дяч,6
дяк,6
особл,6
увач,6
картопл,6
мураш,6
щез,6
дід,6
химер,6
натх,6
книж,6
автор,6
дис,6
мам,6
заліз,6
ганчір,6
гальм,6
майстер,6
мут,6
дніпр,5
хлоп,5
дисциплін,5
пошт,5
чест,5
строк,5
яйц,5
бентеж,5
галас,5
скот,5
слив,5
шпиг,5
сноп,5
лоп,5
лоскот,5
щух,5
клек,5
клич,5
теч,5
свід,5
рош,5
силл,5
клопіт,5
бинт,5
лаком,5
мис,5
миш,5
піск,5
піс,5
піх,5
піш,5
молодж,5
відо,5
крем,5
повідь,5
буден,5
вих,5
гуч,5
популяр,5
луд,5
ятор,5
метеор,5
мий,5
сім,5
гапт,5
нирк,5
атив,5
банк,5
наказ,5
драб,5
кокс,5
парус,5
здобл,5
окуп,5
унк,5
лебед,5
сльоз,5
лун,5
марш,5
демонстр,5
фальш,5
олій,5
бурл,5
від’,5
ель,5
барвл,5
пікет,5
пікір,5
радж,5
стіб,5
труч,5
сут,5
фаз,5
сигнал,5
юх,5
об’єкт,5
фасон,5
янт,5
полос,5
гомін,5
вишн,5
перл,5
сну,5
лик,5
цап,5
гнобл,5
страйк,5
скрег,5
пороч,5
тм,5
аналіз,5
мізк,5
єч,5
лин,5
юват,5
дуд,5
дурман,5
друг,5
фехт,5
болот,5
пруг,5
полтав,5
поль,5
гроб,5
короб,5
псих,5
ферм,5
раб,5
пс,5
хутр,5
острів,5
спл,5
шмаг,5
дерн,5
пропаг,5
боч,5
гиб,5
судн,5
оркестр,5
уві,5
ідей,5
двер,5
руйн,5
досад,5
мисел,5
гіл,5
сиз,5
поміч,5
тороч,5
бос,5
шифр,5
га,5
снащ,5
взя,5
костюм,5
бактер,5
ті,5
ритм,5
шахр,5
клімат,5
мебль,5
спокус,5
ел,5
"ом,",5
шаблон,5
яскр,5
сподів,5
інкуб,5
вапн,5
крат,5
інструкт,5
іб,5
верч,5
знамен,5
щаст,5
змаг,5
наук,5
квит,5
тотож,5
фокус,5
бляк,5
еш,5
ук,5
паскуд,5
піщ,5
романт,5
шев,5
шиб,5
плит,5
плот,5
чол,5
ізол,5
товар,5
квасол,5
трактор,5
шлях,5
маніфест,5
вил,5
концерт,5
коопер,5
шахт,5
хлип,5
сь,5
ого,5
полош,5
озер,5
карлюч,5
спас,5
спеціал,5
уал,5
лиць,5
атом,5
чуб,5
крохмал,5
уряд,5
кульг,5
мозол,5
гній,5
жаб,5
плеч,5
кроп,5
мох,5
иць,5
близь,5
ґав,5
дриж,5
дробл,5
клопот,5
виключ,5
бджол,5
фрез,5
смач,5
ікр,5
палітур,5
топол,5
голів,5
ведмед,5
паразит,5
велич,5
даль,5
тиран,5
тисяч,5
парод,5
дра,5
тінь,5
кобз,5
енк,5
тракт,5
мруж,5
весл,5
розчин,5
гонч,5
захист,5
вʼяз,5
воль,5
котл,5
оберт,5
вс,5
диб,5
ах,5
кишк,5
хабар,5
бистр,5
бл,5
вда,5
беріг,5
верг,5
порс,5
скарб,5
бар,5
барабан,5
гуль,5
яць,5
жолоб,5
лід,5
баз,5
доч,5
голів’,5
грамот,5
комаш,5
кращ,5
вдов,5
глед,5
ціпл,5
хир,5
зубр,5
цибул,5
цивіл,5
циган,5
цикл,5
конверт,5
конденс,5
максим,5
скром,5
сонн,5
корис,5
покут,5
цьк,5
баб,5
бавовн,5
вуд,5
ябл,5
брошур,5
канцеляр,5
буй,5
пір’,5
мст,5
ягід,5
бесід,5
вуз,5
вул,5
стрел,5
трап,5
щуп,5
хворост,5
хиж,5
модел,4
ягн,4
директ,4
ялин,4
ис,4
динам,4
судд,4
праж,4
практик,4
лям,4
мавп,4
публік,4
диплом,4
жд,4
діж,4
товариш,4
принцип,4
хомут,4
княз,4
блим,4
футбол,4
чемн,4
форс,4
квол,4
бой,4
еств,4
ть,4
пищ,4
в’язь,4
заздр,4
димл,4
неч,4
сопіл,4
океан,4
місь,4
рот,4
мерехт,4
маш,4
майор,4
стром,4
собач,4
тіх,4
шпиль,4
сер,4
сепар,4
академ,4
вмі,4
вітч,4
легаль,4
лим,4
лиж,4
лепет,4
мель,4
меліор,4
помаг,4
поляр,4
союз,4
ворс,4
внуч,4
регул,4
латин,4
пільг,4
пілот,4
журнал,4
бріх,4
тьох,4
понук,4
рев,4
перук,4
кінц,4
сват,4
спорт,4
спирт,4
плуг,4
плічч,4
знак,4
мармур,4
літерат,4
щітк,4
щит,4
щетин,4
пірамід,4
відом,4
відмін,4
силос,4
смуч,4
метик,4
лект,4
акурат,4
ащ,4
стаж,4
дзвен,4
рюм,4
гнузд,4
жерд,4
пісоч,4
гіпнот,4
глум,4
глуз,4
лабор,4
республік,4
мід,4
мислив,4
ластів,4
лев,4
клан,4
мщ,4
мітл,4
мініатюр,4
руй,4
голубл,4
жевр,4
ряс,4
ряб,4
сукн,4
тлумач,4
мільйон,4
шлак,4
шквар,4
галуж,4
відер,4
дзеркал,4
сміт,4
пневм,4
племін,4
європ,4
планет,4
культив,4
шаш,4
шатк,4
кулач,4
турк,4
тріщ,4
трепет,4
терпл,4
сх,4
могут,4
міщан,4
міф,4
кривдж,4
крок,4
човн,4
естет,4
громл,4
побут,4
ефект,4
голомш,4
снаж,4
моно,4
шам,4
симетр,4
монарх,4
сос,4
молок,4
чобот,4
полем,4
енциклопед,4
горош,4
енерг,4
емал,4
елемент,4
еруд,4
ос,4
еп,4
епі,4
мундир,4
музик,4
атест,4
рул,4
кредит,4
мрій,4
ж,4
ріп,4
ріль,4
гриб,4
гребін,4
експеримент,4
експед,4
експанс,4
екстрем,4
політ,4
багач,4
кочегар,4
баль,4
кофе,4
крейд,4
цікавл,4
штрих,4
сан,4
еквілібр,4
корабл,4
корабель,4
чемодан,4
чван,4
надих,4
корсет,4
черв’,4
щок,4
мишл,4
сцен,4
нагород,4
бряк,4
бай,4
юш,4
цят,4
крес,4
лоз,4
ложк,4
технік,4
дуг,4
лиск,4
ла,4
конфіск,4
надолуж,4
бальзам,4
баламут,4
шепт,4
щемл,4
щем,4
барикад,4
дрес,4
дрен,4
драпір,4
порос,4
решіт,4
реценз,4
баран,4
консерват,4
конопл,4
конкур,4
конкрет,4
каблуч,4
копирс,4
контрол,4
контраст,4
реставр,4
репрес,4
репрезент,4
репорт,4
патріарх,4
гуп,4
гой,4
єнн,4
зубл,4
зиск,4
більш,4
пелюст,4
конструкт,4
конспект,4
циркул,4
ценз,4
хутір,4
пуч,4
теор,4
ґерґ,4
ґазд,4
бродж,4
вибач,4
вигід,4
таріл,4
псу,4
педант,4
таш,4
патрон,4
патріот,4
бг,4
баштан,4
панік,4
шок,4
дотеп,4
темн,4
паруб,4
веред,4
терн,4
середж,4
верстат,4
хуст,4
вілл,4
ою,4
кровл,4
ляв,4
цвірк,4
хутор,4
трамб,4
трал,4
траг,4
снід,4
сестр,4
сезон,4
скреб,4
рус,4
протез,4
говт,4
доволь,4
еді,4
комар,4
тіт,4
тіст,4
верещ,4
солов,4
документ,4
досвід,4
дач,4
дат,4
ініціат,4
ват,4
франц,4
інвентар,4
імпровіз,4
ілюмін,4
торпед,4
тор,4
торб,4
пальт,4
палат,4
бурх,4
кавалер,4
патр,4
дез,4
серій,4
копит,4
колій,4
камер,4
ія,4
худож,4
протест,4
прісн,4
орл,4
бундюч,4
умі,4
буч,4
уявл,4
уяв,4
букс,4
обл,4
склад,4
калат,4
каламут,4
лук,4
лопат,4
автомат,4
ювіл,4
йорж,4
іуд,4
істот,4
істер,4
кад,4
каторж,4
борозн,4
борг,4
делікат,4
делег,4
проз,4
дерз,4
фарш,4
картин,4
колод,4
надій,4
кандид,4
канат,4
тіч,4
брон,4
фальс,4
нит,4
шляхет,4
чіт,4
квартир,4
квап,4
квадрат,4
качан,4
сувор,4
догм,4
графл,4
проблем,4
бомб,4
фетиш,4
брик,4
кар’єр,4
нот,4
слов’ян,4
соль,4
шерх,4
промисл,4
хребет,4
талан,4
бельк,4
сімей,4
козак,4
ковбас,4
систем,4
нейтрал,4
ящ,4
перемож,4
халтур,4
хай,4
лій,4
ліж,4
ліг,4
маруд,4
шурх,4
штук,4
сіт,4
сіль,4
півтор,4
корт,4
кордон,4
копил,4
вулкан,4
вуж,4
стріль,4
слюсар,4
ящич,3
ящір,3
мадяр,3
льот,3
авантюр,3
авар,3
оз,3
бригад,3
ненавис,3
лопух,3
дігт,3
уг,3
ональ,3
препар,3
лоскіт,3
лояль,3
луб,3
агро,3
агент,3
маневр,3
манеж,3
манжет,3
трапл,3
туреч,3
тьмар,3
діагност,3
пригод,3
маніпул,3
ліщ,3
логіч,3
щен,3
ліні,3
лінь,3
степ,3
літр,3
ліфт,3
ліхтар,3
мармелад,3
акробат,3
аджар,3
примх,3
диверс,3
дивіз,3
адміністр,3
матрос,3
ліміт,3
лич,3
шпак,3
штанг,3
штан,3
азербайджан,3
меланхол,3
причас,3
пріс,3
детал,3
менедж,3
легал,3
альп,3
актор,3
алгебр,3
шоколад,3
мешк,3
мигдал,3
анарх,3
хрон,3
шлюз,3
шовін,3
алерг,3
лакон,3
ламп,3
ланк,3
мит,3
декрет,3
прогрес,3
елезн,3
кілл,3
иш,3
кушнір,3
кушт,3
шинель,3
шкід,3
аналіт,3
лай,3
мізер,3
мізин,3
доль,3
ствол,3
щогл,3
доз,3
доб,3
прокур,3
міліці,3
мільярд,3
мінерал,3
курорт,3
аплод,3
шевченк,3
міх,3
кумед,3
кун,3
ец,3
куплет,3
ву,3
схід,3
дам,3
даш,3
арешт,3
армат,3
шах,3
шварк,3
куль,3
кульмін,3
єпископ,3
архітект,3
шапк,3
монопол,3
моркв,3
морф,3
дослідж,3
тепер,3
профес,3
шелест,3
арха,3
архі,3
івник,3
івниц,3
мотуз,3
крим,3
чан,3
критич,3
криштал,3
кримінал,3
мряч,3
асфальт,3
атлас,3
шкул,3
драг,3
ґедз,3
гуман,3
гум,3
гумор,3
гусен,3
пуз,3
пульс,3
музич,3
мульт,3
плік,3
кравч,3
африк,3
мускул,3
портрет,3
реп,3
груш,3
грюк,3
яз,3
чалап,3
котель,3
багн,3
чернігів,3
чечен,3
м’яз,3
готівл,3
м’ят,3
через,3
черешн,3
базар,3
косм,3
вечір’,3
гряд,3
губч,3
трансл,3
рефер,3
рефлекс,3
рецепт,3
рид,3
гріх,3
ятр,3
корз,3
чапл,3
чекан,3
копич,3
рів,3
попереч,3
попіль,3
простор,3
еваку,3
дрях,3
бан,3
баламуч,3
баланс,3
балкон,3
дроч,3
конфлікт,3
цукер,3
цуп,3
чай,3
банд,3
евенк,3
екзот,3
ризик,3
контрабанд,3
д,3
цегель,3
циб,3
цирк,3
цифр,3
конвеєр,3
лез,3
обер,3
світл,3
підвал,3
серйоз,3
компенс,3
башкир,3
бджіл,3
компрес,3
иці,3
експлуат,3
греч,3
грив,3
грав,3
юр,3
полумʼ,3
комун,3
хут,3
ииц,3
вір’,3
хур,3
хурт,3
владд,3
глузд,3
комітет,3
коль,3
горщ,3
фон,3
експрес,3
територі,3
елег,3
екскаватор,3
екскурс,3
кольор,3
комбайн,3
едій,3
коменд,3
зброй,3
комерс,3
регот,3
грамат,3
гороб,3
гортан,3
стиль,3
зміст,3
ладд,3
хромат,3
хрящ,3
мозк,3
іщ,3
колекц,3
стрій,3
супл,3
тіль,3
товпл,3
пожеж,3
етикет,3
позитив,3
крі,3
епізод,3
епох,3
ескадр,3
хмел,3
хоробр,3
предмет,3
коверз,3
клочч,3
кміт,3
совіс,3
сумнів,3
сюжет,3
тариф,3
хлеб,3
хлоп’,3
гордж,3
терз,3
шип,3
хих,3
клен,3
клієнт,3
неділ,3
кіш,3
бич,3
бібліо,3
клейм,3
пломен,3
плоск,3
площ,3
горіш,3
черев,3
ятк,3
"и,",3
неміч,3
однак,3
ківш,3
бил,3
кіл,3
кільк,3
кімнат,3
китай,3
сіл,3
труй,3
хазя,3
плазм,3
пласк,3
платин,3
єхид,3
жаг,3
керам,3
кий,3
фото,3
блищ,3
пролетар,3
слуш,3
фонд,3
блях,3
бляш,3
кахель,3
ква,3
нісеніт,3
нічліж,3
жест,3
икул,3
ома,3
ромб,3
румун,3
гнізд,3
нож,3
бокс,3
борід,3
норов,3
нянь,3
фікс,3
філател,3
філософ,3
жертв,3
жертов,3
гноб,3
рушнич,3
сабот,3
глей,3
рибл,3
знь,3
капітул,3
обруч,3
обряд,3
обсерв,3
струж,3
канал,3
брів,3
поїзд,3
бронь,3
фанер,3
ярн,3
общин,3
оваль,3
пілюль,3
жін,3
глит,3
саль,3
гімназ,3
овоч,3
брук,3
яці,3
камін,3
калин,3
одно,3
здоб,3
бур’ян,3
ати,3
жонгл,3
журав,3
язич,3
пікл,3
здоровл,3
оксид,3
окул,3
булоч,3
бульб,3
ярмл,3
факель,3
фанат,3
язик,3
болоч,3
тиж,3
гербар,3
геро,3
олімп,3
печал,3
кабан,3
аз,3
успі,3
утоп,3
каверз,3
кавун,3
опортун,3
оптим,3
гілл,3
серв,3
символ,3
симпат,3
синь,3
сиріт,3
тас,3
тюп,3
шеф,3
ірон,3
буфет,3
ультра,3
орбіт,3
орден,3
оренд,3
скаж,3
іль,3
убог,3
угор,3
узя,3
снаст,3
гардероб,3
гармат,3
карпат,3
квил,3
кепк,3
грож,3
зад,3
довіль,3
дриг,3
зіх,3
іде,3
інтерес,3
завтр,3
зайв,3
зай,3
каблук,3
каприз,3
ітет,3
генераль,3
сяй,3
отаман,3
плем,3
тюлен,3
бюро,3
тверез,3
уж,3
уаль,3
варі,3
трост,3
підпіль,3
кіпт,3
скирт,3
індич,3
ілюз,3
імпульс,3
павут,3
травм,3
трамвай,3
трембіт,3
ізраїль,3
ікон,3
палуб,3
торс,3
торт,3
умовл,3
слобож,3
сметан,3
чащ,3
еб,3
скорб,3
скрес,3
скринь,3
скульпт,3
скуч,3
гощ,3
вдар,3
озн,3
вентил,3
панегір,3
кормл,3
залізнич,3
вчора,3
в’юч,3
вугіль,3
вузь,3
вуш,3
сліз,3
парашут,3
веретен,3
титул,3
зрадж,3
нівеч,3
знущ,3
терен,3
тижн,3
вереск,3
собол,3
смуж,3
сокир,3
все,3
мирш,3
фінал,3
фіналь,3
зозул,3
паркан,3
парт,3
партизан,3
моршк,3
івк,3
майстр,3
взір,3
пасіч,3
псов,3
морозь,3
ці,3
врод,3
воскрес,3
періщ,3
мш,3
лящ,3
мимр,3
ід,3
татар,3
тез,3
текстиль,3
вешт,3
віднош,3
глянс,3
ледащ,3
патл,3
пащ,3
нид,3
нудь,3
щадж,3
солдат,3
солом,3
сороч,3
ворог,3
звіт,3
здібн,3
дресир,3
тайг,3
дох,3
зеніт,3
волокн,3
вож,3
звич,3
їм,3
виклад,3
шепот,3
щіч,3
сюр,3
табун,3
схем,3
винят,3
випад,3
путт,3
хруст,3
пещ,3
нагородж,3
пліск,3
погод,3
плек,3
хват,3
захищ,3
пруч,3
вираж,3
спід,3
чи,3
внук,3
кран,3
пиль,3
рин,3
ро,3
словл,3
скріб,3
снаг,3
вя,3
тлі,3
холощ,3
пив,3
пиріж,3
помог,3
праг,3
плюск,3
плюс,3
щербл,3
виш,3
касет,3
вівс,3
відваж,3
торч,3
страд,3
струч,3
сміч,3
стипенді,3
иль,3
спорудж,3
правед,3
спри,3
рубл,3
сал,3
стіл,3
корк,3
стерн,3
у),3
салют,3
полір,3
ступл,3
ремонт,3
сталь,3
стандарт,3
стеб,3
іти,3
перс,3
перу,3
пес,3
песим,3
реєстр,3
рич,3
ляль,3
абсолют,3
яєч,3
малахіт,3
малин,3
лушп,3
дипломат,3
ярмарк,3
ясен,3
яструб,3
якір,3
ям,3
япон,3
абажур,2
янгол,2
ялов,2
якут,2
яхт,2
емент,2
абетк,2
ди,2
дисерт,2
дириг,2
лунат,2
дизентер,2
дилетант,2
дібров,2
фланг,2
прагмат,2
прапор,2
пропорцій,2
дишель,2
предк,2
премі,2
претенд,2
лос,2
лосос,2
лоцман,2
лубʼ,2
щуч,2
помин,2
правдж,2
спраг,2
сприт,2
сріб,2
стабіл,2
сверб,2
петрушк,2
печер,2
печінк,2
іждж,2
нк,2
стегн,2
тереб,2
стерил,2
кремл,2
тропіч,2
суверен,2
судом,2
пересічн,2
перифраз,2
період,2
відверт,2
п‘я,2
стратег,2
стрем,2
стріх,2
струп,2
вяз,2
сторог,2
жив,2
стимул,2
п’єс,2
писк,2
вірмен,2
вірш,2
вісп,2
вітер,2
ил,2
пліш,2
плямл,2
віднес,2
вихор,2
стуж,2
стяж,2
суб’єкт,2
субсид,2
суб,2
спокуш,2
власт,2
мить,2
спин,2
з',2
внутрі,2
заповіт,2
паскудж,2
вир,2
освіч,2
виснов,2
вит,2
захід,2
сукон,2
султан,2
човг,2
табл,2
вим’,2
формул,2
ґвинт,2
ґвинч,2
копі,2
перемог,2
перепіл,2
полудн,2
плю,2
погодж,2
цяць,2
халяв,2
спіднич,2
спір,2
спіраль,2
спеціаль,2
вокзаль,2
пелюш,2
пенсі,2
заявл,2
ялоз,2
жид,2
жим,2
ляс,2
вилиц,2
луг,2
лудж,2
сьом,2
табель,2
табір,2
таблет,2
танкер,2
зелень,2
яц,2
пейзаж,2
волг,2
волин,2
волот,2
вовк,2
вовн,2
ворон,2
осен,2
соціал,2
пантелич,2
парал,2
спарт,2
спекул,2
пач,2
ха,2
няв,2
солідар,2
соняш,2
сосн,2
соус,2
волох,2
воріт,2
піан,2
зграбн,2
табурет,2
тавр,2
таз,2
талісман,2
талон,2
пастер,2
патент,2
зиз,2
взвод,2
північ,2
сфер,2
морок,2
вперт,2
замш,2
напащ,2
рн,2
тат,2
блис,2
верж,2
паток,2
патруль,2
парфумер,2
весілл,2
вертеп,2
овник,2
знат,2
знахар,2
ненавид,2
телеп,2
тендіт,2
тенет,2
теніс,2
теолог,2
веселк,2
весель,2
чак,2
пасквіл,2
тил,2
тираж,2
титан,2
верблюд,2
поперек,2
собак,2
собор,2
смуш,2
сок,2
сніп,2
заміж,2
циркуль,2
дражн,2
паркет,2
парламент,2
парті,2
парад,2
параліз,2
параліт,2
парафраз,2
верз,2
тім’,2
мач,2
шкур,2
тог,2
зонд,2
зразк,2
нехт,2
зоб,2
зовні,2
тернопіль,2
тигр,2
панам,2
панель,2
пансіон,2
панчіш,2
папір,2
дразн,2
лемент,2
вух,2
куйовдж,2
куйовд,2
куліс,2
гай,2
слизь,2
папорот,2
папуг,2
папуж,2
ідент,2
щ,2
сутул,2
словаць,2
смерек,2
смітт,2
гамір,2
етн,2
в’язн,2
газет,2
зухвал,2
гав,2
вдач,2
вдів,2
вентиль,2
ведмеж,2
ідео,2
ієро,2
монах,2
виж,2
вись,2
транзит,2
трибуналь,2
ізоль,2
пакет,2
пальм,2
памфлет,2
ігнор,2
торж,2
вахт,2
вбог,2
ідеаль,2
трюк,2
валіз,2
індонезій,2
індустр,2
інерт,2
імл,2
імпер,2
імпозант,2
ім’,2
інвалід,2
очерет,2
шелеш,2
штраф,2
павук,2
паз,2
пазур,2
тріумф,2
тротуар,2
трь,2
підл,2
підлог,2
пілл,2
район,2
кліп,2
гарц,2
гастрол,2
сім’,2
сірк,2
сіть,2
сканд,2
скел,2
скиб,2
інститут,2
варвар,2
тунель,2
туркмен,2
тюльк,2
тюльпан,2
тюрем,2
інструмент,2
інтелігент,2
оун,2
офіцер,2
офіціаль,2
хвіст,2
хля,2
васаль,2
ватаг,2
горож,2
іл,2
вуаль,2
склеп,2
галич,2
галуш,2
кавказь,2
гвізд,2
гей,2
гендл,2
гені,2
гарант,2
гарбуз,2
осок,2
стріш,2
інженер,2
буряч,2
ультимат,2
універсаль,2
унік,2
порядж,2
реаль,2
оруд,2
оселед,2
осик,2
осін,2
вагон,2
тютюн,2
увіч,2
удов,2
здр,2
інтенс,2
італій,2
йот,2
позицій,2
опон,2
притомн,2
гирл,2
серб,2
синонім,2
сирій,2
собл,2
старост,2
юд,2
інфекц,2
іон,2
іран,2
бур'ян,2
онук,2
онуч,2
кабель,2
кабінет,2
буржу,2
урбан,2
урочист,2
скач,2
учас,2
ичи,2
буковин,2
кав,2
кагат,2
існ,2
іспан,2
істин,2
факульт,2
олив,2
кадр,2
кайм,2
забобон,2
бов,2
бурм,2
гітар,2
глазур,2
глас,2
себ,2
секретар,2
селекці,2
їк,2
їч,2
іад,2
стовб,2
евл,2
гетьман,2
водь,2
жон,2
жорн,2
жорстк,2
жорсток,2
жуй,2
журч,2
ярем,2
пікант,2
знам,2
оксамит,2
бульвар,2
ярм,2
калькул,2
бруньк,2
брус,2
бряж,2
бубл,2
бубн,2
бубон,2
калюж,2
камфор,2
каламуч,2
калач,2
калібр,2
голосс,2
осіб,2
сель,2
стай,2
ив’,2
глип,2
санатор,2
сарк,2
сатир,2
сах,2
свербл,2
гімнаст,2
сен,2
овеч,2
огн,2
грудд,2
огряд,2
деж,2
калор,2
кальк,2
каракул,2
каракуль,2
карамель,2
обо,2
капелюш,2
капіляр,2
капос,2
капост,2
оборот,2
ити,2
канарк,2
канікул,2
брил,2
брин,2
жит,2
жмут,2
главл,2
обідд,2
клюв,2
фантаст,2
фартуш,2
фах,2
фаш,2
федер,2
феодал,2
гуз,2
бояр,2
бразил,2
облав,2
каптур,2
капуст,2
караван,2
фікт,2
фільм,2
карлик,2
полу,2
пісок,2
пістол,2
ечки,2
жерст,2
чк,2
гов,2
салат,2
салон,2
глев,2
карниз,2
картуз,2
глав,2
борошн,2
борт,2
босн,2
бонд,2
номер,2
норвеж,2
каталог,2
катастроф,2
категор,2
нотарі,2
нутр,2
оаз,2
карет,2
карикатур,2
фіалк,2
фіз,2
новел,2
жилет,2
жакет,2
жанр,2
жаргон,2
роман,2
росі,2
рубіж,2
русл,2
рушник,2
гли,2
но,2
нокаут,2
божевол,2
болгар,2
фініш,2
фінлянд,2
флакон,2
фонтан,2
фор,2
форт,2
блюд,2
боб,2
бовван,2
тут,2
свідомл,2
кахл,2
каш,2
квант,2
кварт,2
нив,2
ніздр,2
кет,2
бірж,2
блакит,2
близн,2
богат,2
фосфор,2
фрагмент,2
фракцій,2
фрукт,2
фундамент,2
ельн,2
стрим,2
сумлін,2
сутт,2
товарись,2
фін,2
погож,2
пристой,2
кенгур,2
плакат,2
планк,2
пластик,2
пластич,2
євхарист,2
ємен,2
плахт,2
плац,2
плащ,2
плів,2
плісен,2
кеп,2
керм,2
нен,2
ол,2
бік,2
білет,2
білизн,2
кігт,2
кіз,2
кирп,2
ятин,2
кишень,2
футляр,2
халат,2
хаот,2
харків,2
біо,2
пам’ять,2
хво,2
хвой,2
недолуг,2
стач,2
недуг,2
плуж,2
етюд,2
горіх,2
голк,2
ефіоп,2
ефір,2
ешелон,2
євангел,2
євр,2
по~,2
зграб,2
херсон,2
хиз,2
хист,2
хірург,2
берез,2
берет,2
вгав,2
клінік,2
клініч,2
негатив,2
негр,2
кіпр,2
клапан,2
клапт,2
клац,2
ии,2
ому,2
повіст,2
повітр,2
всяк,2
подвиж,2
горь,2
хлебт,2
хльоб,2
хляб,2
рол,2
гомілк,2
єр,2
гонор,2
хляп,2
шіпт,2
хек,2
храп,2
туль,2
ітт,2
ковбой,2
когут,2
кмин,2
кнопк,2
княж,2
шелес,2
бенкет,2
угав,2
беріз,2
бер,2
бешкет,2
хлист,2
хлів,2
стяг,2
суп,2
трон,2
ескорт,2
естрад,2
етап,2
штат,2
каж,2
кидь,2
ескалатор,2
еліпс,2
емоцій,2
кобил,2
хміль,2
хобот,2
хорват,2
колір,2
людд,2
компроміс,2
пам'ят,2
крів’,2
хрін,2
хроб,2
хронік,2
хруп,2
колодяз,2
коломийк,2
кокон,2
колег,2
колектив,2
прокат,2
рейк,2
нарис,2
ріж,2
емоці,2
емульс,2
ентузі,2
азм,2
розкіш,2
ледач,2
люч,2
панах,2
сюдж,2
реклам,2
сердж,2
горобин,2
горох,2
насінн,2
горш,2
вель,2
полин,2
техніч,2
поліщ,2
експропрі,2
екстракт,2
елегант,2
итор,2
комах,2
ділл,2
доган,2
дон,2
доріжж,2
комерц,2
"ий,",2
компромет,2
експерт,2
експон,2
половч,2
полонин,2
гривн,2
ровес,2
бещ,2
готів,2
готув,2
комет,2
хух,2
ність,2
комісар,2
комісі,2
компакт,2
бджіль,2
батал,2
батальйон,2
батарей,2
батож,2
батрач,2
цвях,2
офіцій,2
підваль,2
порож,2
сиров,2
компас,2
компетент,2
бров,2
башт,2
ба,2
бархан,2
цмок,2
цегл,2
цех,2
цибуль,2
цигейк,2
циліндр,2
цимбал,2
консерватор,2
констру,2
консуль,2
конво,2
конвой,2
конвульс,2
конго,2
кондуктор,2
рицар,2
концентр,2
конч,2
конюшин,2
контакт,2
контекст,2
контор,2
контракт,2
революці,2
контуз,2
чиц,2
намист,2
пакост,2
конкурс,2
ців,2
бароч,2
чакл,2
бандаж,2
бандер,2
бандур,2
полунич,2
полюс,2
зʼ,2
мальов,2
евен,2
екзальт,2
грош,2
риж,2
рик,2
рим,2
ритор,2
ритуаль,2
коре,2
корей,2
щик,2
баласт,2
балет,2
балкар,2
балон,2
тріс,2
наїв,2
їжач,2
копл,2
конус,2
конфуз,2
цукор,2
цуц,2
чагар,2
чемпіон,2
баклаг,2
копієч,2
копійк,2
ришт,2
гребен,2
еколог,2
понятт,2
пок,2
дупл,2
дьогт,2
дятл,2
евакуй,2
дров,2
копійч,2
копітк,2
дністер,2
ікат,2
яж,2
ретуш,2
решет,2
грім,2
розкош,2
пором,2
крилл,2
коридор,2
корич,2
корінн,2
чап,2
чаш,2
чверт,2
чверть,2
кофт,2
багет,2
бадил,2
багаж,2
байдар,2
байк,2
багатт,2
кошар,2
кошл,2
бурмос,2
корпус,2
балалаєч,2
червл,2
черепах,2
череп’,2
кострич,2
мурав,2
мускус,2
мушкет,2
ло,2
дрейф,2
дриґ,2
еи,2
репет,2
реп’ях,2
ретельн,2
дріб’,2
дріждж,2
чвал,2
котик,2
котлет,2
ушк,2
атмосфер,2
муги,2
ґеґ,2
ґудз,2
прусс,2
прут,2
анк,2
пряжк,2
пур,2
мук,2
кравець,2
крапель,2
крев,2
насін,2
бавови,2
крек,2
архів,2
ув,2
мотовиль,2
мош,2
криміналь,2
кринич,2
крис,2
иЙ,2
кремез,2
криг,2
криз,2
криль,2
асиміл,2
асист,2
астроном,2
ате,2
чоловіч,2
чорниль,2
арсеналь,2
пуритан,2
грам,2
рясн,2
протокол,2
професі,2
профіль,2
профіл,2
пруд,2
ґонт,2
ґреч,2
грунт,2
мерт,2
артист,2
шабель,2
шантаж,2
шарж,2
шаруд,2
кря,2
монет,2
моноліт,2
монумент,2
моріж,2
москв,2
кров’,2
афіш,2
афор,2
чисель,2
чих,2
чобіт,2
мобіль,2
могиль,2
шарф,2
аргумент,2
швед,2
іат,2
кулін,2
молдав,2
молодь,2
молож,2
молюск,2
момент,2
диякон,2
чумак,2
чуприн,2
чх,2
мітинг,2
куратор,2
курган,2
посоль,2
постанов,2
постановл,2
плент,2
простир,2
сяк,2
против,2
доріж,2
скіп,2
домен,2
донес,2
донос,2
мног,2
патич,2
апарат,2
швейцар,2
шемр,2
шершень,2
анекс,2
анем,2
анкет,2
кучм,2
кучугур,2
міністер,2
мінор,2
мінус,2
мірош,2
мі,2
мітел,2
аматор,2
америк,2
лазн,2
лакей,2
донь,2
демон,2
дебют,2
дев'ят,2
дев’ят,2
декадент,2
декан,2
доклад,2
доктор,2
анд,2
курли,2
кустар,2
ластів’,2
демагог,2
джаз,2
пробк,2
буравл,2
провізор,2
провінці,2
провор,2
депон,2
термін,2
дов,2
постійн,2
митт,2
лагун,2
антиквар,2
шил,2
аналог,2
шлей,2
шляхт,2
шмиг,2
шов,2
i,2
алей,2
алжир,2
алтай,2
альбом,2
лауреат,2
лебід,2
левад,2
лан,2
ланцет,2
ласт,2
дефект,2
потилич,2
метафор,2
легенд,2
актуаль,2
акумул,2
акуст,2
албан,2
алегор,2
лейтенант,2
лексик,2
лекц,2
метонім,2
меч,2
миль,2
мимо,2
лелі,2
леміш,2
лемк,2
лиман,2
мемуар,2
сторін,2
тен,2
притаман,2
ураль,2
фабрич,2
причащ,2
причет,2
десант,2
десн,2
деспот,2
кілометр,2
лібрет,2
шорст,2
шпаг,2
шпач,2
шприц,2
aзi,2
азот,2
акорд,2
акредит,2
бережж,2
маят,2
маяч,2
медал,2
медаль,2
медич,2
мельк,2
марс,2
іан,2
мартен,2
марципан,2
маскарад,2
масштаб,2
ліліпут,2
ліл,2
лімф,2
лінз,2
листопад,2
литв,2
литов,2
слів’,2
лицар,2
лишай,2
адапт,2
потом,2
дієт,2
йш,2
янк,2
династ,2
скік,2
прискіп,2
стовбур,2
страс,2
джерель,2
дзеркаль,2
диван,2
дмух,2
адигей,2
мароч,2
локш,2
аеро,2
щебен,2
щебін,2
щелеп,2
щур,2
ліно,2
лінч,2
літург,2
марокк,2
штурман,2
штурм,2
штуч,2
шуб,2
шуг,2
шур,2
агроном,2
aгiт,2
манікюр,2
турч,2
христос,2
дишл,2
діалект,2
діаспор,2
симіл,2
диск,2
дискус,2
лок,2
в’яд,2
менш,2
мані,2
марафон,2
макро,2
абат,2
мажор,2
майбут,2
майдан,2
май,2
льох,2
ручк,2
вітамін,2
ювелір,2
югослав,2
юрб,2
люб’,2
язн,2
лорнет,2
примітив,2
секрет,2
секреч,2
редаг,2
рекоменд,2
стабіль,2
старт,2
стебел,2
цур,2
макітр,2
маклер,2
магазин,2
магнат,2
абстраг,2
абстракц,2
ядр,2
магнет,2
ящірк,1
абіссин,1
абіурієнт,1
аблакт,1
аблакц,1
ярлич,1
ярмарок,1
ярус,1
ясель,1
автоном,1
aвтоном,1
автомобіль,1
явор,1
явір,1
юрт,1
юрод,1
юрист,1
юрнд,1
тися,1
нат,1
юнкер,1
юнга,1
пункт,1
атop,1
агрус,1
лус,1
луноч,1
лунк,1
мандат,1
мандарин,1
малярій,1
юноч,1
юнок,1
мала,1
макух,1
макулатур,1
макогін,1
магістраль,1
мавп’,1
ляч,1
bй,1
логік,1
лобод,1
ллян,1
марк,1
марі,1
маргарин,1
маніж,1
івц,1
манекен,1
лотерей,1
лопуш,1
лопать,1
люк,1
львів,1
львівʼ,1
лушпар,1
інч,1
маршрут,1
іноч,1
інк,1
маршаль,1
марл,1
літер,1
ліск,1
чат,1
ачч,1
локомотив,1
локаут,1
локаль,1
лой,1
лозунг,1
ложеч,1
лілей,1
лікть,1
лікт,1
лікоть,1
лі,1
ліврей,1
математич,1
математик,1
математ,1
матч,1
матрось,1
арх,1
матрі,1
масив,1
матрич,1
матриц,1
липень,1
линв,1
лещат,1
летарг,1
леопард,1
лемеш,1
лелеч,1
гірʼ,1
медиц,1
материк,1
лівер,1
лібераль,1
ліберал,1
лихв,1
литк,1
лнс,1
лейбор,1
лезгин,1
леген,1
лев’,1
метелик,1
ечч,1
меридіан,1
ментор,1
меиталь,1
менталь,1
ментал,1
мент,1
меморіаль,1
мембран,1
мельник,1
липн,1
лащ,1
латунь,1
латун,1
латиш,1
латись,1
латвій,1
латві,1
ластов,1
вш,1
иня,1
мигдаль,1
вк,1
метео,1
лелек,1
лексич,1
лейт,1
лабіринт,1
нст,1
рядд,1
мідь,1
міграцій,1
митть,1
митець,1
митар,1
мистець,1
мистец,1
мирк,1
лаось,1
ланцюж,1
ланцюг,1
лантух,1
лебідь,1
кутаїсь,1
курточ,1
куртк,1
курйоз,1
міміч,1
мімік,1
міліцій,1
міліцей,1
міксер,1
мікрон,1
мікро,1
мікроб,1
лайнер,1
лайк,1
лавсан,1
лавр,1
купон,1
куполь,1
купей,1
купе,1
кумис,1
кумач,1
місяц,1
міраж,1
мінь,1
мінім,1
мінераль,1
куч,1
куц,1
онь,1
кухоль,1
кухл,1
кулуар,1
куліш,1
кулачч,1
кулац,1
кулак,1
кук,1
кужіль,1
мозок,1
модуль,1
мло,1
млия,1
млнн,1
міць,1
курінь,1
курд,1
купорос,1
кубель,1
кубан,1
кряж,1
крупі,1
круп',1
кру,1
ліш,1
крохмаль,1
кроц,1
монастир,1
монарш,1
монак,1
молоть,1
молекул,1
мозоч,1
мозоль,1
івниць,1
крокодил,1
крокет,1
крокв,1
кров',1
крісл,1
крісель,1
кришталь,1
моріг,1
морж,1
мордов,1
монополь,1
монголь,1
монгол,1
монаш,1
кубл,1
криц,1
критиц,1
кристаль,1
криниц,1
мр,1
"і,",1
мотузз,1
мотоцикл,1
метор,1
мотовил,1
мотлош,1
мотлох,1
мотик,1
москов,1
кропив',1
кропив,1
кравц,1
муль,1
мулат,1
мукачів,1
му,1
музей,1
мряк,1
ївк,1
присяж,1
криворізь,1
крем',1
крем’,1
кременчуць,1
кремезн,1
крипі,1
криці,1
котел,1
мушк,1
мух,1
муфт,1
муть,1
мусон,1
мусол,1
муслін,1
мускуль,1
мурах,1
муніципаль,1
крейс,1
крейсер,1
крапел,1
крал,1
крадь,1
костель,1
овиц,1
косметич,1
косметик,1
аг,1
коліш,1
навігац,1
навігат,1
м’яч,1
оть,1
мушл,1
краб,1
кошторис,1
ови,1
кошмар,1
кочерг,1
кориг,1
корж,1
кореспонд,1
брів’,1
гря,1
нагороду),1
глумл,1
нагл,1
нагаль,1
нагай,1
яа,1
сяд,1
вроч,1
коструб,1
костриц,1
омах,1
конференц,1
конфедерац,1
конфедерат,1
конур,1
знос,1
хмар’,1
корег,1
корд,1
корб,1
корал,1
копиц,1
корольк,1
корозій,1
коров’,1
корінь,1
корит,1
конструкц,1
конституці,1
конституцій,1
консолід,1
лий,1
неред,1
пая,1
напасть,1
сти,1
намет,1
кресли,1
контур,1
контуж,1
контрибуцій,1
контейнер,1
конфес,1
композиц,1
композит,1
комнозит,1
комплімент,1
комплекс,1
йон,1
одяг,1
куст,1
кондицій,1
кондитер,1
лезь,1
ковго,1
їр,1
конвалій,1
конвалі,1
консультац,1
комор,1
комісій,1
комікс,1
комівояж,1
комиш,1
комин,1
комиз,1
пу,1
приклад,1
помад,1
помадж,1
пій,1
шепіт,1
комюніке,1
компот,1
композиці,1
колорит,1
колорад,1
коломий,1
колодд,1
колі,1
коліз,1
колиш,1
настир,1
скок,1
наруг,1
наречен,1
кольчуж,1
кольчуг,1
компань,1
компані,1
компаній,1
арл,1
ковпач,1
ковдр,1
чук,1
коаліцій,1
торохт,1
нась,1
колект,1
колезь,1
кокос,1
коклюш,1
козуб,1
козаць,1
козац,1
ючч,1
колосс,1
чинн,1
началь,1
нац,1
нахаб,1
тяк,1
натюрморт,1
серц,1
натще,1
княг,1
ккиг,1
кляч,1
климк,1
кльош,1
клуноч,1
клунок,1
клумб,1
клоун,1
кліщ,1
кліш,1
кліть,1
клір,1
клініц,1
клиш,1
клерикаль,1
клерикал,1
клепк,1
довз,1
неборак,1
небог,1
"сь,",1
нащадок,1
штрик,1
кісс,1
іот,1
кіпоть,1
неділь,1
євість,1
гож,1
негод,1
влашт,1
влас,1
невіст,1
чут,1
відʼ,1
невід,1
невіглас,1
вигод,1
вдяч,1
некрут,1
нейтрон,1
нейтраль,1
нейлон,1
зугарн,1
доскон,1
ут,1
недолік,1
крів,1
вірʼ,1
клем,1
клейонк,1
клапоть,1
клап,1
клавіш,1
клавір,1
кінь,1
кінець,1
кінетич,1
кінетик,1
кіготь,1
кібернетич,1
кібернетик,1
кишлач,1
одв,1
одмін,1
обовʼяз,1
обʼ,1
нень,1
ненависть,1
матеріаль,1
нектар,1
кептар,1
правиль,1
фіцій,1
ие,1
неон,1
кишеч,1
кита,1
кисть,1
кисн,1
кислот,1
кисел,1
кирз,1
киргизь,1
киргиз,1
кин’,1
кіоск,1
квитанц,1
квасоль,1
кварц,1
кварцит,1
строй,1
ед,1
самовит,1
регуляр,1
непрозорий,1
кипл,1
кипарис,1
кинджаль,1
київ,1
кизил,1
кефір,1
анич,1
кафедр,1
цензур,1
хіть,1
уц,1
успіш,1
успіх,1
треб,1
кельнер,1
келі,1
келій,1
келих,1
кедр,1
квоч,1
квітн,1
квіти,1
квітень,1
ніс,1
німан,1
нікчем,1
нікель,1
нікел,1
нігт,1
ніготь,1
нить,1
нині,1
ннзь,1
чисть,1
квартет,1
кварталь,1
кают,1
каштан,1
кашель,1
каучук,1
уванн,1
каторг,1
катер,1
катар,1
катапульт,1
каталож,1
каст,1
каспій,1
каскад,1
каск,1
номенклатур,1
ножиц,1
сілл,1
дба,1
нічліг,1
карусель,1
картопель,1
картер,1
карнаваль,1
карк,1
каркас,1
обб,1
вати,1
піл,1
оба,1
нян,1
нюанс,1
нумізмат,1
нуль,1
нужд,1
норвезь,1
карель,1
карел,1
кардиналь,1
карауль,1
караул,1
карантин,1
каракат,1
каравав,1
карабін,1
каптам,1
благородж,1
їжд,1
"біч,",1
оберемок,1
обеліск,1
головл,1
капелюх,1
канчук,1
оболонь,1
оболонн,1
оболон,1
обоз,1
нишпор,1
модоч,1
міль,1
мац,1
"маль,",1
облігаці,1
облігацій,1
обличч,1
облас,1
благород,1
каное,1
канднд,1
канап,1
канад,1
обуш,1
обрік,1
обрій,1
рамл,1
оборіг,1
капрон,1
капраль,1
капр,1
капкан,1
калітан,1
капіталь,1
ени,1
кал,1
калькуль,1
калусь,1
калузь,1
калорі,1
калмич,1
одесь,1
одес,1
огірок,1
ганьбл,1
овруць,1
овес,1
шмар,1
канцлер,1
кантат,1
кано,1
клиг,1
окіст,1
окіс,1
иий,1
поверх,1
калмиць,1
каліц,1
калік,1
калій,1
каліграф,1
калит,1
календар,1
каланч,1
каламуть,1
канав,1
кампаній,1
казус,1
казн,1
казен,1
каземат,1
казбець,1
казаш,1
казах,1
казарм,1
казан,1
кажан,1
олівц,1
олівець,1
окутати,1
культ,1
круш,1
окріп,1
кавказ,1
кабуль,1
кабін,1
кабард,1
кабаль,1
пові,1
цис,1
опеньок,1
опал,1
омонім,1
олі,1
олівч,1
каламбур,1
кактус,1
какао,1
кайдан,1
інфаркт,1
інтуїц,1
опт,1
оптич,1
оптик,1
опришок,1
позиці,1
йод,1
йоганнесбурзь,1
оньки,1
ішем,1
італі,1
ісланд,1
іслам,1
кадет,1
каган,1
свої,1
освіт,1
осанк,1
оріш,1
оріх,1
оригіналь,1
орел,1
ордер,1
оратор,1
оранж,1
ірланд,1
ірит,1
іригацій,1
ірак,1
іяформ,1
інфляцій,1
інтерпрет,1
інтерпел,1
івтернат,1
інтермедій,1
інтерв'ю,1
інтервенц,1
інтервент,1
інтер,1
иф,1
інтендант,1
інтелігенц,1
ослін,1
скарженн,1
скандал,1
осінь,1
осел,1
інспект,1
інквізиц,1
інквізит,1
інжир,1
інерцій,1
отар,1
отав,1
ось,1
острозь,1
"сторонь,",1
осоруж,1
осоруг,1
інтуїт,1
інтриж,1
іитриг,1
інтим,1
індук,1
індонезі,1
індій,1
інді,1
індіан,1
іцдич,1
іидич,1
офіціант,1
отч,1
труї,1
ия,1
тетер,1
інтелект,1
інструкц,1
інспір,1
інспекц,1
ієрей,1
ідол,1
ідіот,1
ідіом,1
ідил,1
павуч,1
павільйон,1
ошат,1
хран,1
індекс,1
імнон,1
імпов,1
ацін,1
індусь,1
індус,1
тив,1
зя,1
зят,1
зябр,1
зябл,1
юрм,1
пампуш,1
палянич,1
паляниц,1
пакість,1
пакіс,1
панькатися,1
пазуш,1
пазух,1
стас,1
ікои,1
ікл,1
папороть,1
папк,1
папірус,1
папер,1
пань,1
панчох,1
панцир,1
панорам,1
паніч,1
зухваль,1
рон,1
івасі,1
івас,1
франк,1
іван,1
ібер,1
ранн,1
зразоч,1
зразок,1
ннць,1
зошит,1
ееред,1
зоолог,1
зонт,1
зон,1
париж,1
парафін,1
парасоль,1
параліч,1
паралель,1
паралел,1
нарагва,1
знать,1
знарядд,1
тий,1
оць,1
партер,1
рость,1
пароль,1
парк,1
паритет,1
паризь,1
золотонісь,1
зозуль,1
нудж,1
зносин,1
ніт,1
зниз,1
елеват,1
патетич,1
патетик,1
пастораль,1
паст,1
пастель,1
пасм,1
пасквіль,1
пасік,1
пасив,1
пасажир,1
парч,1
змій,1
змі,1
вмис,1
ненавидж,1
економл,1
дущ,1
здоров’,1
згарище,1
педіатр,1
педаль,1
паштет,1
пафос,1
патріарш,1
патичч,1
патик,1
злат,1
злак,1
зін,1
зілл,1
зефір,1
чещ,1
банкрут,1
ялож,1
якор,1
нере,1
перевесл,1
пергамент,1
онер,1
пенсій,1
пензл,1
пензель,1
пемз,1
пельмен,1
пекл,1
пекель,1
зерен,1
ціпен,1
цитьк,1
захрист,1
ип,1
пон,1
нісс,1
мир’,1
ю),1
ти(~зна,1
грозз,1
шпакль,1
звитяж,1
звитяг,1
вери,1
валинщ,1
біжж,1
сутен,1
столь,1
стілл,1
перпендикуляр,1
перон,1
періст,1
периферій,1
периметр,1
перець,1
ння,1
тишш,1
хлин,1
хвач,1
захват,1
харащ,1
хараст,1
рожев,1
петиці,1
петицій,1
перц,1
персь,1
перстень,1
перстен,1
перспектив,1
персик,1
ид,1
засік,1
сіб,1
смн,1
слін,1
скород,1
скородж,1
запорток,1
запорозь,1
запорож,1
запорізь,1
запоріж,1
питом,1
пиріг,1
пильв,1
юж,1
пнл,1
пивниц,1
печериц,1
печать,1
печаль,1
засад,1
рожевл,1
замок,1
замк,1
рок,1
пуд,1
півн,1
місяць,1
півень,1
південь,1
півден,1
відр,1
аркуш,1
заноз,1
занепас,1
заповідь,1
пропащ,1
пропаст,1
залізниц,1
залізз,1
залиц,1
легл,1
земн,1
земелл,1
дашш,1
ворітт,1
віконн,1
борідд,1
устав,1
мість,1
замір,1
заміжж,1
напаст,1
мурз,1
заковик,1
заклад,1
ти(~рощ,1
плив,1
підпілл,1
підошв,1
оси,1
опіч,1
ніжж,1
есс,1
підмет,1
коцюб,1
залп,1
залоз,1
залік,1
ячч,1
забудь,1
ава,1
бі,1
юдж,1
стьоб,1
совн,1
гіпе,1
гіпс,1
загін,1
гидж,1
загад,1
в’а,1
вуал,1
драп,1
заграв,1
карлюк,1
жмень,1
оц,1
тть,1
піонер,1
пінгвін,1
пілястр,1
пілотк,1
пілі,1
пікніч,1
атлантич,1
аркан,1
жуч,1
журналь,1
жук,1
воліч,1
завір,1
живіт,1
жереб’,1
желат,1
жезл,1
піст,1
св,1
трет,1
сень,1
жом,1
жолудь,1
жолуд,1
жолудд,1
жокей,1
жовч,1
жовтень,1
нв,1
єгов,1
єгипт,1
єгипет,1
платт,1
івоч,1
пластил,1
арій,1
плавч,1
жеб,1
жбур,1
жбурл,1
жбан,1
жандарм,1
жираф’,1
жираф,1
живот,1
збір,1
ільниц,1
ільник,1
ільн,1
плеонаст,1
плем’,1
плебей,1
дарм,1
плафон,1
платформ,1
єрусалим,1
єпарх,1
єлей,1
єзуїт,1
божж,1
єдваб,1
єврей,1
євангель,1
Євангел,1
етрусь,1
етруск,1
етич,1
етимолог,1
етил,1
бал,1
склероз,1
пляш,1
пляж,1
плоскінь,1
плоскін,1
пломін,1
плодо,1
подат,1
ичч,1
горбл,1
погон,1
погід,1
погань,1
повість,1
повінь,1
повік,1
відь,1
повидл,1
вз,1
повен,1
їщ,1
блаж,1
еврей,1
етик,1
еталон,1
етажерк,1
естон,1
естафет,1
есперант,1
еснерант,1
есперанто,1
ескімось,1
ескімос,1
поез,1
подушк,1
довод,1
двір’,1
подвиг,1
подать,1
ескадрон,1
ероз,1
епіцентр,1
епістол,1
леп,1
епідем,1
краж,1
коробл,1
колінн,1
клоп,1
католич,1
поїз,1
поз,1
зик,1
поздовжній,1
етилен,1
екстерн,1
експропрій,1
експромт,1
половець,1
полісь,1
лісь,1
полін,1
полич,1
полиц,1
кутт,1
іи,1
еміс,1
емаль,1
еліпт,1
ескіз,1
ескалаці,1
еволюцій,1
півеч,1
низз,1
помп,1
удн,1
полоти,1
лоск,1
екснон,1
експозицій,1
ицій,1
пагрій,1
елеватор,1
еластич,1
еластик,1
екстр,1
екстра,1
дятел,1
дядь,1
дяд,1
дьогть,1
дьоготь,1
евн,1
поріж,1
поріг,1
попіл,1
тинн,1
понят,1
поня,1
екіпаж,1
екземпляр,1
еквівалент,1
евфем,1
дріт,1
поршн,1
поршень,1
ручч,1
порталь,1
порпат,1
ятник,1
зявл,1
дубль,1
дуал,1
дрючч,1
дрюч,1
друз,1
дров’,1
древ,1
ебоніт,1
досажд,1
тни(~пущ,1
пост,1
постать,1
посол,1
слу,1
кород,1
посіб,1
тнк,1
сиг,1
доставл,1
дракон,1
драгун,1
шкуль,1
дошк,1
шн,1
усь,1
той,1
потилиц,1
стійк,1
стопт,1
дін,1
бут,1
доблесть,1
крої,1
віл,1
зброї,1
донкіхот,1
никі,1
долон,1
доктрин,1
доскональ,1
діа,1
діалектич,1
діалектик,1
діагональ,1
дияволь,1
шив,1
честь,1
хнюпл,1
хнюп,1
потяг,1
тріб,1
доблес,1
бави,1
ями,1
петр,1
длуб,1
дистиль,1
дистил,1
дистанці,1
дистанцій,1
диспут,1
пропорці,1
диспетчер,1
пращур,1
практич,1
практиц,1
празник,1
празь,1
православ’,1
амт,1
діаметр,1
діамант,1
дискрет,1
дискредит,1
дисидент,1
дирекц,1
привіле,1
видж,1
видд,1
приват,1
престоль,1
прс,1
презид,1
предок,1
враж,1
дифуз,1
дифтерій,1
диференц,1
дидактич,1
дидактик,1
прп,1
прилуць,1
липл,1
прикр,1
корень,1
прикмет,1
инй,1
приз,1
призм,1
зер,1
пригорщ,1
привілей,1
диспансер,1
дискут,1
джерел,1
джерг,1
страсть,1
стид,1
совува,1
ряж,1
строж,1
принц,1
нишк,1
примус,1
мор’,1
динь,1
динаміт,1
дикц,1
дизель,1
дизайн,1
десерт,1
дерв,1
прня,1
прищ,1
причіль,1
причіл,1
причаст,1
притьм,1
сусідж,1
дивіденд,1
дзелень,1
дзелен,1
дзвяк,1
дзвень,1
джут,1
джмел,1
депоп,1
депо,1
дено,1
департамент,1
ація,1
проекц,1
прогноз,1
прогал,1
(возити,1
провінцій,1
провізій,1
валл,1
дефіцнт,1
детектив,1
деталь,1
копійков,1
дельт,1
пха,1
пропа,1
пропаж,1
пропад,1
пропон,1
проноз,1
промінь,1
промінн,1
промишл,1
промисел,1
пролісок,1
зовд,1
дери,1
депут,1
депутат,1
ґул,1
протег,1
твереж,1
прось,1
простір,1
простирал,1
пророч,1
пророк,1
акт,1
декад,1
дезертир,1
дукт,1
дев‘ят,1
дебел,1
дебат,1
демарк,1
ґнот,1
ґніт,1
ґле,1
ґібралтар,1
ґирлиґ,1
процес,1
процент,1
профільтр,1
професій,1
тни,1
протоколь,1
дах,1
уноч,1
дарвін,1
дань,1
дагестан,1
пурпур,1
пунктуаль,1
пунктир,1
пульт,1
пузир,1
ас,1
іатр,1
пряжеч,1
прутт,1
пруссь,1
прус,1
ґуль,1
ґринджол,1
ґренланд,1
ґрас,1
ґовт,1
ґетеборзь,1
ґерлиґ,1
ґерг,1
ґеґот,1
ґданськ,1
ґатунок,1
ґанок,1
ґанк,1
ґандж,1
раді,1
радикаль,1
п’ятниц,1
пшон,1
пшенич,1
пшениц,1
путь,1
гряз,1
ущий,1
грузь,1
грудь,1
грудень,1
ресор,1
реп’яш,1
цій,1
реплік,1
репертуар,1
патрі,1
патрій,1
ґав’,1
гуцуль,1
гуцул,1
ґиґ,1
грозь,1
гріз,1
грип,1
гримас,1
гризь,1
гриж,1
риб',1
інспекція,1
інспектор,1
ржав,1
решт,1
речовин,1
рефлект,1
гуж,1
гугн,1
губк,1
грец,1
грек,1
гребінь,1
гребель,1
грацій,1
грань,1
граніт,1
грандіоз,1
рівц,1
денн,1
рівень,1
ринок,1
риль,1
рийк,1
ризь,1
громадд,1
готель,1
Господь,1
жув,1
розет,1
долл,1
бомбл,1
бест,1
родо,1
рілл,1
рій,1
манітт,1
маніт,1
рідш,1
ріг,1
гречк,1
грець,1
горлич,1
горлиц,1
ся),1
ся(~смі,1
розпук,1
простер,1
сюд,1
розпач,1
мия,1
зяв,1
гранат,1
градус,1
грабл,1
грабель,1
готич,1
готик,1
гондоль,1
гондол,1
голч,1
голуб’,1
четверт,1
чепір,1
рез,1
трубл,1
роа,1
тисн,1
госпітал,1
горсточ,1
горстк,1
гороб’,1
горп,1
горн,1
гной,1
гнід,1
глянц,1
руськ,1
руль,1
рулон,1
пос,1
рубін,1
рубель,1
росій,1
голоч,1
голобл,1
голланд,1
виц,1
горілк,1
горизонт,1
глуп,1
глот,1
гліцерин,1
глив,1
глеч,1
глек,1
сажень,1
саж,1
садиб,1
сагайдач,1
саван,1
рязан,1
рядн,1
ряв,1
рушниц,1
гнот,1
гірлянд,1
ісівьк,1
гінербол,1
гіпербол,1
гільз,1
свідок,1
свис,1
свнн,1
свердел,1
свах,1
сапер,1
еам,1
самб,1
самарканд,1
глянець,1
глюкоз,1
герой,1
гермет,1
герб,1
сенсацій,1
семінар,1
селекцій,1
секцій,1
секунд,1
сектор,1
сект,1
сейсм,1
свящ,1
свій,1
свідоц,1
гість,1
гірч,1
сизь,1
ілк,1
ситналь,1
сибір,1
сесі,1
сесій,1
сертифікат,1
серпн,1
серпень,1
серпанок,1
серпанк,1
сержант,1
гігієн,1
гігант,1
гібрид,1
гик,1
генерал,1
гелг,1
гвинтівк,1
гварді,1
гвардій,1
гаубич,1
гаубиц,1
ситц,1
ситуацій,1
ситець,1
сироп,1
сирі,1
сирен,1
синтетич,1
синтетик,1
симптом,1
сквер,1
скат,1
карл,1
скарлатин,1
скарг,1
сказ,1
січн,1
січень,1
сірч,1
сім',1
сифон,1
ситч,1
гать,1
гастроном,1
гарнір,1
генер,1
гальван,1
галяв,1
галч,1
галузь,1
галузз,1
галоп,1
галк,1
комнон,1
сковород,1
сковорід,1
клепл,1
скит,1
скептич,1
скептиц,1
скель,1
скелет,1
инк,1
гаєч,1
гадяць,1
гадд,1
габарит,1
в'язн,1
скул,1
скрон,1
крінл,1
скрин,1
копій,1
координ,1
конструй,1
гаразд,1
гараж,1
гаман,1
"ий	,",1
вяж,1
в’юн,1
вущ,1
смерть,1
смерічч,1
смеречч,1
сльот,1
словач,1
словак,1
утвор,1
галиць,1
галант,1
гайк,1
гайдамач,1
гайдамаць,1
врочист,1
сокіл,1
сод,1
снайпер,1
совість,1
совг,1
сморід,1
стря,1
вурк,1
вульгар,1
вулик,1
вузол,1
водн,1
вугілл,1
в‘из,1
в'язень,1
волошк,1
волоц,1
волоть,1
сосон,1
сором’,1
сонях,1
солом’,1
солодк,1
солов’,1
видь,1
воскреш,1
вправ,1
вправл,1
порск,1
вполь,1
ині,1
волотт,1
волось,1
волосс,1
волокон,1
волог,1
волзь,1
волейбол,1
специфік,1
спекуль,1
пален,1
спазм,1
сош,1
соціаль,1
софій,1
воротт,1
ворожість,1
віхт,1
віхоть,1
віх,1
захнс,1
спорідненість,1
спідниц,1
спец,1
сть,1
вець,1
м’и,1
вождь,1
вогонь,1
вогнь,1
вогк,1
вовтуз,1
вовтуж,1
помн,1
вікн,1
візерунч,1
візерунок,1
візерун,1
правж,1
справ,1
спосіб,1
споруд,1
пом’я,1
вітраж,1
віск,1
вірус,1
віртуоз,1
віолончель,1
віолончел,1
відстань,1
стволь,1
статут,1
стату,1
статт,1
статистич,1
статистик,1
стародрук,1
ійш,1
иг,1
стамбуль,1
відчайдуш,1
уаа,1
вільш,1
вільх,1
вільнюсь,1
лунн,1
стнк,1
стернь,1
стериль,1
стержн,1
стержень,1
стерв’,1
стенд,1
стель,1
стельмась,1
стельмах,1
стельваг,1
стебель,1
відловід,1
рапорт,1
нущ,1
від',1
столиц,1
жиль,1
стог,1
стогін,1
тов,1
стіж,1
стіг,1
стнхій,1
стихій,1
тирч,1
стимуль,1
стик,1
ця,1
ти(~міч,1
ечку,1
гурк,1
стугон,1
трях,1
струк,1
структур,1
строг,1
стрічк,1
стрічеч,1
страт,1
столич,1
"у,",1
ти(~йд,1
відʼєм,1
відлиг,1
ваи,1
копа,1
льннк,1
вишень,1
суєт,1
судь,1
суден,1
суглоб,1
сувенір,1
тропік,1
субот,1
вмс,1
відваг,1
вівц,1
вівторок,1
вівтар,1
відео,1
драю,1
удж,1
формуль,1
сучч,1
цвітт,1
суть,1
сурмл,1
сурем,1
сургуч,1
сувич,1
суниц,1
сум’ятт,1
сум’ят,1
зір’,1
хо,1
вяхов,1
внхов,1
нир,1
сход,1
схамену,1
нар,1
пльов,1
нрям,1
ріб,1
внраз,1
пя,1
вируч,1
скобл,1
калорій,1
висок,1
виснув,1
няк,1
уд,1
дму,1
тая,1
тамбур,1
тальк,1
талі,1
тактич,1
тактик,1
таджич,1
таджиць,1
жолобл,1
колош,1
креш,1
крой,1
яй,1
виль,1
яти,1
в'єтнам,1
тачк,1
тачаноч,1
тачанк,1
унь,1
тар,1
таріль,1
тарах,1
тарань,1
тапоч,1
брязк,1
балок,1
в‘яз,1
еня,1
я),1
(~н,1
ветеран,1
вестибюль,1
весін,1
весіль,1
веселоч,1
теребл,1
терас,1
тенденцій,1
темнератур,1
темперамент,1
тембр,1
теліп,1
телепат,1
текст,1
зимк,1
перт,1
верес,1
вересн,1
вересень,1
лйв,1
верблюж,1
тиль,1
тиждень,1
тест,1
терк,1
терем,1
вітт,1
ами,1
верф’,1
верф,1
вертикаль,1
ветерннар,1
вельмож,1
вельм,1
велосипед,1
вело,1
Вел,1
толк,1
товарис,1
тлум,1
тілі,1
тиц,1
тиць,1
водд,1
тиф,1
титуль,1
верс,1
веретін,1
вафл,1
торжеств,1
ище,1
топор,1
тополь,1
топір,1
тонн,1
томат,1
толок,1
гвнит,1
ввіч,1
вегетаріан,1
вен,1
венецій,1
венеці,1
венесуел,1
траншей,1
трансль,1
транзистор,1
трамплін,1
траєктор,1
традицій,1
трав’,1
сій,1
цілл,1
косар,1
травн,1
травень,1
точк,1
торф’,1
тортур,1
вбож,1
ваучер,1
ватерполо,1
ватернол,1
ватаж,1
васильк,1
варязь,1
варяг,1
варняк,1
дцят,1
тривог,1
еть,1
трест,1
інг,1
трафарет,1
траур,1
трас,1
вальс,1
валют,1
ваз,1
вазон,1
тумб,1
тулуб,1
тувин,1
троянд,1
трош,1
трофей,1
троп,1
тро,1
тріш,1
стоп,1
трикотаж,1
вафель,1
бюст,1
бюджет,1
бухт,1
бухи,1
тюрк,1
тхор,1
тхір,1
турок,1
туркестан,1
турець,1
туи,1
тундр,1
тунгусь,1
тунгус,1
ванн,1
ван,1
вишш,1
бічч,1
узбеч,1
узбець,1
удів,1
державл,1
дарем,1
гробл,1
готова,1
єц,1
гніждж,1
угідд,1
убоз,1
тютю,1
тюрм,1
нч,1
бухан,1
бутт,1
бутон,1
бусурман,1
бусл,1
бурят,1
бур‘ян,1
бурик,1
фоб,1
філь,1
філ,1
кось,1
указ,1
зва,1
"ки,",1
узд,1
бурс,1
буржуй,1
буран,1
бункер,1
ураган,1
тість,1
універс,1
університет,1
уні,1
милост,1
милосерд,1
умен,1
улюбл,1
фіолет,1
бухгалтер,1
бухарест,1
бульдозер,1
чнк,1
булав,1
бук,1
букініст,1
букет,1
щент,1
учора,1
участь,1
еник,1
устрій,1
уст,1
установ,1
У,1
регуль,1
бурштин,1
буйвол,1
бузьк,1
бузувір,1
буз,1
буженин,1
буж,1
будяч,1
будяк,1
фаміль,1
фалд,1
фаланг,1
фаворит,1
фабул,1
фабуль,1
фабрнк,1
бульйон,1
бразиль,1
фаталь,1
фатал,1
фасад,1
фартух,1
фарс,1
фарисей,1
фанфар,1
брошк,1
бронз,1
бричк,1
британ,1
будень,1
будапешт,1
брутто,1
бруслин,1
боцман,1
ботаніч,1
ботанік,1
бостон,1
борсуч,1
борсук,1
борс,1
борошен,1
філігран,1
фізич,1
фізик,1
фетр,1
фестиваль,1
феодаль,1
брикет,1
братт,1
Бог,1
бобр,1
форпост,1
фольклор,1
флот,1
фланель,1
фірм,1
болт,1
бойкот,1
бойк,1
божевіль,1
борозен,1
бородавк,1
борм,1
борз,1
борж,1
блоч,1
блондин,1
бліш,1
бліндаж,1
иу,1
блнс,1
фураж,1
фунт,1
функц,1
функці,1
фунікулер,1
узь,1
фосфат,1
фортун,1
мілл,1
матір,1
білк,1
хащ,1
харциз,1
хар,1
харків’,1
ханж,1
хандр,1
фуфайк,1
футболь,1
бланк,1
блакить,1
блазень,1
бісквіт,1
бірюз,1
бірм,1
блуз,1
берест,1
березн,1
березіль,1
березень,1
хвощ,1
хвиц,1
хваць,1
біб,1
бідон,1
більм,1
білч,1
білуг,1
білоч,1
білорусь,1
білорус,1
крів',1
бенгал,1
бельгій,1
бельгі,1
цінь,1
хвар,1
хляст,1
хлющ,1
хлюст,1
хлюск,1
хльост,1
хльос,1
хльоск,1
хлор,1
хлібі,1
ннц,1
бессараб,1
претенз,1
хорт,1
холуй,1
холер,1
хокен,1
хоке,1
ходь,1
хмиз,1
хмель,1
бистренький,1
сніжж,1
хліб’,1
тим,1
таланн,1
бензин,1
бенгаль,1
безпек,1
безо,1
худоб,1
худіб,1
хрус,1
хруск,1
хрум,1
прода,1
хрестоматій,1
хребт,1
хребець,1
помиль,1
помил,1
релігій,1
результат,1
пинтом,1
беж,1
цвірінь,1
цвірін,1
цвень,1
овинн,1
хул,1
вість,1
хідь,1
голосе,1
душш,1
законн,1
жаль,1
квитк,1
межж,1
їй,1
пелюстк,1
циклон,1
цик,1
цивіль,1
іал,1
целюлоз,1
целофан,1
цвяш,1
цвір,1
батраць,1
батрак,1
батон,1
батіж,1
батіг,1
бат,1
баталь,1
баян,1
бастіон,1
баскетболь,1
баскетбол,1
басейн,1
бартер,1
барлож,1
барліг,1
баркас,1
баритон,1
бариль,1
цілин,1
цел,1
цить,1
цитрус,1
цнт,1
цикль,1
баноч,1
банкет,1
бандероль,1
ог,1
цукерк,1
цнот,1
илн,1
барж,1
бар’ер,1
барвіноч,1
барвінок,1
барвінк,1
барач,1
баранець,1
бараболь,1
щнц,1
баклаж,1
баклажан,1
бакалія,1
червень,1
чебрец,1
чвань,1
чвак,1
часнич,1
часник,1
банан,1
бамбук,1
балк,1
балернн,1
баньк,1
щиц,1
бант,1
бакалій,1
байрач,1
байрак,1
байдик,1
черкас,1
черешень,1
черепаш,1
черемщ,1
черемх,1
черед,1
черевич,1
червои,1
балалайк,1
балалаєчний,1
балад,1
балаган,1
бадмінтон,1
бадилл,1
багнет,1
чиж,1
чиг,1
чеш,1
чех,1
ерт,1
четверг,1
четвер,1
чесь,1
чернівч,1
чернівець,1
черн,1
черкесь,1
черкась,1
артіль,1
артилер,1
артезіан,1
брив,1
чорнил,1
чоломк,1
чоловʼ,1
чоловік,1
човен,1
чилій,1
чилі,1
чиказь,1
афган,1
ассирій,1
истичн,1
,1
шаль,1
шайбов,1
шабл,1
чухр,1
чумач,1
чумаць,1
чуй,1
чугуїв,1
ваш,1
чув,1
чувась,1
чотирь,1
піль,1
пастир,1
архангель,1
їчн,1
ароч,1
аромат,1
армія,1
армій,1
армі,1
арифметич,1
арифметик,1
аргентин,1
арбітр,1
араб,1
шарнір,1
шарлатан,1
шаряатан,1
шапч,1
шапоч,1
шаптаж,1
a,1
aптек,1
апокаліпт,1
исмент,1
апетит,1
антич,1
шварґ,1
швабр,1
шашлич,1
шашлик,1
шаф,1
шатр,1
шаст,1
шас,1
шарх,1
арсенал,1
ансамбл,1
анонім,1
анекдот,1
англій,1
шестерн,1
шестерінка,1
шестерен,1
шершн,1
шерехатість,1
шерех,1
шеренг,1
шеи,1
шепел,1
швирг,1
apаб,1
аптеч,1
амбіц,1
амбіт,1
шкреб,1
шкваль,1
шквал,1
шкандиб,1
шкаль,1
шіст,1
шиш,1
шифер,1
ширм,1
шипшин,1
шипл,1
шин,1
антагон,1
ансамбль,1
алмаз,1
але,1
ильн,1
шматт,1
шматок,1
шлюпк,1
шлюб,1
шлуноч,1
шлунок,1
шлунк,1
шлейф,1
шланг,1
англі,1
ана,1
амур,1
аморф,1
азбук,1
штамл,1
шрам,1
шпорт,1
шпич,1
ство,1
шпаж,1
шпагат,1
алгоритм,1
акцій,1
акцент,1
актр,1
альтру,1
амьп,1
алфавіт,1
алта,1
ажур,1
адміраль,1
адиге,1
адвокат,1
щабель,1
шушу,1
шухляд,1
шуст,1
шус,1
штурваль,1
штатив,1
штапель,1
акордеон,1
акварель,1
азій,1
азбуч,1
техн,1
пром,1
op,1
aгpеc,1
агрес,1
агрегат,1
агрегаат,1
аграар,1
аграр,1
агон,1
щіточ,1
щебінь,1
щавл,1
щавель,1
щабл,1
азбест,1
яскравий,1
ярлик,1
янголь,1
ял,1
якість,1
абхазь,1
абхаз,1
абстракт,1
абреві,1
біограф,1
австрі,1
австралі,1
авіа,1
аварій,1
авангард,1
авторитет,1
лял,1
лязк,1
лють,1
лютн,1
майоран,1
майн,1
майбутт,1
мазут,1
мазур,1
мазеп,1
мадрид,1
ящик,1
ячмінь,1
ячмін,1
ятір,1
яструбʼят,1
